trial,testing,parameters,initial_deadline,final_deadline,net_reward,actions,success
1,False,"{'a': 0.5, 'e': 1.0}",25,0,-141.44716162558504,"{0: 12, 1: 2, 2: 9, 3: 1, 4: 1}",0
2,False,"{'a': 0.5, 'e': 0.95}",20,0,-122.97660095375265,"{0: 13, 1: 0, 2: 4, 3: 1, 4: 2}",0
3,False,"{'a': 0.5, 'e': 0.8999999999999999}",25,0,-178.35531157911166,"{0: 13, 1: 2, 2: 7, 3: 0, 4: 3}",0
4,False,"{'a': 0.5, 'e': 0.8499999999999999}",25,12,-34.59419804067439,"{0: 11, 1: 0, 2: 1, 3: 0, 4: 1}",1
5,False,"{'a': 0.5, 'e': 0.7999999999999998}",25,0,-111.07670850122791,"{0: 15, 1: 1, 2: 8, 3: 0, 4: 1}",0
6,False,"{'a': 0.5, 'e': 0.7499999999999998}",20,0,-140.40856571194888,"{0: 13, 1: 1, 2: 3, 3: 0, 4: 3}",0
7,False,"{'a': 0.5, 'e': 0.6999999999999997}",20,0,-104.55040953028438,"{0: 11, 1: 1, 2: 7, 3: 0, 4: 1}",0
8,False,"{'a': 0.5, 'e': 0.6499999999999997}",20,0,-108.1531190662768,"{0: 11, 1: 2, 2: 5, 3: 1, 4: 1}",0
9,False,"{'a': 0.5, 'e': 0.5999999999999996}",20,0,-42.96398809112962,"{0: 15, 1: 1, 2: 2, 3: 2, 4: 0}",0
